권역,출처,매물ID,매물URL,매물명,주소,위도,경도,주거유형,보증금_만원,월세_만원,관리비_만원,가격표기,층정보,계약면적_m2,전용면적_m2,방향,확인일자,설명,원문태그,서울대거리_m,기준역거리_m,가까운기준점,편의성,편의성_라벨,안전도,공동현관_비밀번호,지상층여부,대로변_가까움,CCTV,관리인_상주,가로등,safety_score_100,safety_score_10,safety,안전최종,안전도,안전등급,안전_공공환경,안전_건물보정,안전_cctv,가까운_cctv_m,cctv_반경내개수,안전_lighting,가까운_lighting_m,lighting_반경내개수,안전_police,가까운_police_m,police_반경내개수,안전_safe_route,가까운_safe_route_m,safe_route_반경내개수,안전_emergency,가까운_emergency_m,emergency_반경내개수,안전_백분위,name,address,lat,lng,deposit,monthly_rent,maintenance_fee,convenience,monthly_transport
서울대입구역,synthetic_market_model,SYN0001,,봉천동 원룸 001,서울 관악구 봉천동,37.4783088,126.9551304,원룸,950,62,10,월세 950/62,4/5층,26.9,21.2,남향,2026.06.09,신축/준신축; 엘리베이터; 주차 가능; 복층; 채광 양호; 즉시입주 가능; 역세권 도보권; 학교 접근성 양호,신축/준신축; 엘리베이터; 주차 가능; 복층,2043,387,서울대입구역,10,신축/준신축; 엘리베이터; 주차 가능; 복층; 채광 양호; 즉시입주 가능; 역세권 도보권; 학교 접근성 양호,,X,O,O,O,X,O,30.56,3.06,3.06,3.06,3.06,D,1.74,5.5,0.0,457.1,0,0.0,550.3,0,8.7,217.6,2,0.0,542.4,0,0.0,457.1,0,20.0,봉천동 원룸 001,서울 관악구 봉천동,37.4783088,126.9551304,950,62,10,10,2.0
서울대입구역,synthetic_market_model,SYN0002,,봉천동 원룸 002,서울 관악구 봉천동,37.4792744,126.9475067,원룸,1400,66,6,"월세 1,400/66",반지하/5층,20.4,16.2,남서향,2026.05.18,옵션 언급; 엘리베이터; 채광 양호; 즉시입주 가능; 역세권 도보권,옵션 언급; 엘리베이터; 채광 양호; 즉시입주 가능,2201,507,서울대입구역,8,옵션 언급; 엘리베이터; 채광 양호; 즉시입주 가능; 역세권 도보권,,O,X,X,X,X,O,26.41,2.64,2.64,2.64,2.64,D,0.83,6.0,0.0,525.0,0,0.0,525.0,0,4.16,680.0,3,0.0,522.6,0,0.0,474.9,0,12.2,봉천동 원룸 002,서울 관악구 봉천동,37.4792744,126.9475067,1400,66,6,8,2.0
서울대입구역,synthetic_market_model,SYN0003,,봉천동 투룸 003,서울 관악구 봉천동,37.4821811,126.9604439,투룸,1100,67,6,"월세 1,100/67",반지하/3층,58.8,44.7,북향,2026.06.03,풀옵션; 엘리베이터; 투룸 구조; 기준역 도보권,풀옵션; 엘리베이터; 투룸 구조; 기준역 도보권,2549,690,서울대입구역,7,풀옵션; 엘리베이터; 투룸 구조; 기준역 도보권,,O,X,O,O,X,O,36.48,3.65,3.65,3.65,3.65,D,1.31,8.0,0.0,578.3,0,0.0,578.3,0,6.52,496.8,1,0.0,585.5,0,0.0,485.4,0,25.6,봉천동 투룸 003,서울 관악구 봉천동,37.4821811,126.9604439,1100,67,6,7,2.0
서울대입구역,synthetic_market_model,SYN0004,,봉천동 투룸 004,서울 관악구 봉천동,37.4831574,126.9526622,투룸,2700,81,8,"월세 2,700/81",반지하/4층,54.6,43.5,북향,2026.05.27,옵션 언급; 투룸 구조; 역세권 도보권,옵션 언급; 투룸 구조; 역세권 도보권,2576,215,서울대입구역,7,옵션 언급; 투룸 구조; 역세권 도보권,,X,X,O,X,O,O,49.3,4.93,4.93,4.93,4.93,D,5.7,3.5,10.0,61.5,8,0.0,61.5,0,4.01,691.4,3,7.67,58.0,1,7.47,75.3,7,62.2,봉천동 투룸 004,서울 관악구 봉천동,37.4831574,126.9526622,2700,81,8,7,2.0
서울대입구역,synthetic_market_model,SYN0005,,봉천동 투룸 005,서울 관악구 봉천동,37.486455,126.9561091,투룸,1500,62,6,"월세 1,500/62",3/4층,64.3,45.1,남향,2026.05.18,신축/준신축; 엘리베이터; 주차 가능; 투룸 구조; 채광 양호; 기준역 도보권,신축/준신축; 엘리베이터; 주차 가능; 투룸 구조,2953,655,서울대입구역,8,신축/준신축; 엘리베이터; 주차 가능; 투룸 구조; 채광 양호; 기준역 도보권,,O,O,X,O,X,O,65.15,6.51,6.51,6.51,6.51,B,4.64,10.0,10.0,89.9,9,0.0,89.9,0,1.13,913.3,2,5.41,85.1,2,6.02,89.9,3,86.7,봉천동 투룸 005,서울 관악구 봉천동,37.486455,126.9561091,1500,62,6,8,2.0
서울대입구역,synthetic_market_model,SYN0006,,봉천동 원룸 006,서울 관악구 봉천동,37.4811555,126.9532726,원룸,2200,50,11,"월세 2,200/50",1/4층,32.4,22.7,남서향,2026.05.18,신축/준신축; 엘리베이터; 채광 양호; 역세권 도보권,신축/준신축; 엘리베이터; 채광 양호; 역세권 도보권,2353,49,서울대입구역,8,신축/준신축; 엘리베이터; 채광 양호; 역세권 도보권,,O,X,X,O,X,O,53.56,5.36,5.36,5.36,5.36,C,2.85,10.0,5.15,196.9,4,0.0,196.9,0,6.54,494.4,3,0.0,189.2,0,0.0,172.6,0,68.9,봉천동 원룸 006,서울 관악구 봉천동,37.4811555,126.9532726,2200,50,11,8,2.0
서울대입구역,synthetic_market_model,SYN0007,,봉천동 빌라 007,서울 관악구 봉천동,37.4776845,126.9511528,빌라,1200,59,8,"월세 1,200/59",2/5층,50.6,40.1,남동향,2026.05.18,신축/준신축; 풀옵션; 주차 가능; 채광 양호; 즉시입주 가능; 역세권 도보권; 학교 접근성 양호,신축/준신축; 풀옵션; 주차 가능; 채광 양호,1975,416,서울대입구역,10,신축/준신축; 풀옵션; 주차 가능; 채광 양호; 즉시입주 가능; 역세권 도보권; 학교 접근성 양호,,O,O,O,O,O,O,44.57,4.46,4.46,4.46,4.46,D,1.47,10.0,0.0,540.2,0,0.0,540.2,0,7.36,388.9,2,0.0,533.4,0,0.0,482.9,0,51.1,봉천동 빌라 007,서울 관악구 봉천동,37.4776845,126.9511528,1200,59,8,10,2.0
서울대입구역,synthetic_market_model,SYN0008,,봉천동 빌라 008,서울 관악구 봉천동,37.4798783,126.9522757,빌라,1900,54,10,"월세 1,900/54",반지하/4층,61.2,43.8,남향,2026.06.09,풀옵션; 채광 양호; 역세권 도보권,풀옵션; 채광 양호; 역세권 도보권,2212,153,서울대입구역,7,풀옵션; 채광 양호; 역세권 도보권,,X,X,O,O,O,O,21.15,2.11,2.11,2.11,2.11,D,1.37,3.5,0.23,295.4,1,0.0,295.4,0,6.5,500.1,2,0.0,287.8,0,0.0,243.6,0,8.9,봉천동 빌라 008,서울 관악구 봉천동,37.4798783,126.9522757,1900,54,10,7,2.0
서울대입구역,synthetic_market_model,SYN0009,,봉천동 원룸 009,서울 관악구 봉천동,37.4813011,126.9529657,원룸,2600,64,13,"월세 2,600/64",고층 14/15층,24.5,18.1,동향,2026.05.18,신축/준신축; 옵션 언급; 주차 가능; 복층; 역세권 도보권,신축/준신축; 옵션 언급; 주차 가능; 복층,2369,24,서울대입구역,9,신축/준신축; 옵션 언급; 주차 가능; 복층; 역세권 도보권,,O,O,X,O,O,O,56.52,5.65,5.65,5.65,5.65,C,3.31,10.0,6.63,167.4,4,0.0,167.4,0,6.17,525.6,3,0.0,159.6,0,0.89,141.1,1,72.2,봉천동 원룸 009,서울 관악구 봉천동,37.4813011,126.9529657,2600,64,13,9,2.0
서울대입구역,synthetic_market_model,SYN0010,,봉천동 분리형원룸 010,서울 관악구 봉천동,37.4816198,126.9526057,분리형원룸,1950,47,11,"월세 1,950/47",반지하/3층,31.9,23.0,남향,2026.05.27,옵션 언급; 분리형; 채광 양호; 역세권 도보권,옵션 언급; 분리형; 채광 양호; 역세권 도보권,2405,45,서울대입구역,8,옵션 언급; 분리형; 채광 양호; 역세권 도보권,,O,X,X,X,X,O,52.36,5.24,5.24,5.24,5.24,C,4.82,6.0,8.99,120.1,6,0.0,120.1,0,5.55,572.7,3,3.14,112.3,1,5.44,95.6,2,66.7,봉천동 분리형원룸 010,서울 관악구 봉천동,37.4816198,126.9526057,1950,47,11,8,2.0
서울대입구역,synthetic_market_model,SYN0011,,봉천동 원룸 011,서울 관악구 봉천동,37.4849849,126.9539595,원룸,2650,51,9,"월세 2,650/51",2/4층,24.2,19.0,북향,2026.05.18,신축/준신축; 풀옵션; 역세권 도보권,신축/준신축; 풀옵션; 역세권 도보권,2779,433,서울대입구역,8,신축/준신축; 풀옵션; 역세권 도보권,,O,O,X,O,X,O,67.36,6.74,6.74,6.74,6.74,B,4.98,10.0,10.0,84.9,11,0.0,84.9,0,2.51,806.9,2,5.5,84.0,2,6.51,84.9,6,88.9,봉천동 원룸 011,서울 관악구 봉천동,37.4849849,126.9539595,2650,51,9,8,2.0
서울대입구역,synthetic_market_model,SYN0012,,봉천동 투룸 012,서울 관악구 봉천동,37.4807105,126.9590818,투룸,2800,62,7,"월세 2,800/62",고층 7/8층,58.2,42.1,동향,2026.05.18,신축/준신축; 풀옵션; 엘리베이터; 투룸 구조; 역세권 도보권,신축/준신축; 풀옵션; 엘리베이터; 투룸 구조,2361,564,서울대입구역,9,신축/준신축; 풀옵션; 엘리베이터; 투룸 구조; 역세권 도보권,,O,O,X,O,X,O,45.52,4.55,4.55,4.55,4.55,D,1.62,10.0,0.0,536.3,0,0.0,536.3,0,8.09,295.7,2,0.0,544.1,0,0.0,418.3,0,55.6,봉천동 투룸 012,서울 관악구 봉천동,37.4807105,126.9590818,2800,62,7,9,2.0
서울대입구역,synthetic_market_model,SYN0013,,봉천동 분리형원룸 013,서울 관악구 봉천동,37.479744,126.9516539,분리형원룸,2450,59,5,"월세 2,450/59",반지하/5층,26.2,19.9,북향,2026.06.09,풀옵션; 주차 가능; 분리형; 역세권 도보권; 학교 접근성 양호,풀옵션; 주차 가능; 분리형; 역세권 도보권,2200,188,서울대입구역,8,풀옵션; 주차 가능; 분리형; 역세권 도보권; 학교 접근성 양호,,X,X,X,O,X,X,14.65,1.46,1.46,1.46,1.46,D,1.18,2.0,0.0,308.2,0,0.0,308.2,0,5.88,547.5,2,0.0,301.2,0,0.0,252.0,0,3.3,봉천동 분리형원룸 013,서울 관악구 봉천동,37.479744,126.9516539,2450,59,5,8,2.0
서울대입구역,synthetic_market_model,SYN0014,,봉천동 원룸 014,서울 관악구 봉천동,37.4826779,126.9561516,원룸,2550,45,10,"월세 2,550/45",2/5층,31.5,23.6,남서향,2026.05.18,옵션 언급; 주차 가능; 채광 양호; 역세권 도보권,옵션 언급; 주차 가능; 채광 양호; 역세권 도보권,2536,344,서울대입구역,8,옵션 언급; 주차 가능; 채광 양호; 역세권 도보권,,X,O,O,O,X,O,27.69,2.77,2.77,2.77,2.77,D,1.3,5.5,0.0,354.4,0,0.0,353.5,0,6.5,500.3,1,0.0,354.6,0,0.0,353.5,0,15.6,봉천동 원룸 014,서울 관악구 봉천동,37.4826779,126.9561516,2550,45,10,8,2.0
서울대입구역,synthetic_market_model,SYN0015,,봉천동 원룸 015,서울 관악구 봉천동,37.4834764,126.9599236,원룸,1400,57,7,"월세 1,400/57",고층 12/15층,28.8,21.8,남향,2026.05.18,옵션 언급; 채광 양호; 기준역 도보권,옵션 언급; 채광 양호; 기준역 도보권,2678,684,서울대입구역,6,옵션 언급; 채광 양호; 기준역 도보권,,X,O,X,O,X,O,25.87,2.59,2.59,2.59,2.59,D,1.02,5.5,0.0,538.7,0,0.0,519.6,0,5.09,608.3,1,0.0,513.4,0,0.0,519.6,0,11.1,봉천동 원룸 015,서울 관악구 봉천동,37.4834764,126.9599236,1400,57,7,6,2.0
서울대입구역,synthetic_market_model,SYN0016,,봉천동 빌라 016,서울 관악구 봉천동,37.4844619,126.9556332,빌라,2500,50,8,"월세 2,500/50",고층 5/8층,53.5,35.7,남동향,2026.06.03,옵션 언급; 엘리베이터; 주차 가능; 채광 양호; 역세권 도보권,옵션 언급; 엘리베이터; 주차 가능; 채광 양호,2729,443,서울대입구역,8,옵션 언급; 엘리베이터; 주차 가능; 채광 양호; 역세권 도보권,,O,O,X,X,X,X,35.31,3.53,3.53,3.53,3.53,D,1.93,6.5,3.87,222.5,7,0.0,190.1,0,3.85,703.8,2,0.0,175.3,0,0.0,190.1,0,23.3,봉천동 빌라 016,서울 관악구 봉천동,37.4844619,126.9556332,2500,50,8,8,2.0
서울대입구역,synthetic_market_model,SYN0017,,봉천동 투룸 017,서울 관악구 봉천동,37.4820639,126.9451894,투룸,2050,85,8,"월세 2,050/85",3/7층,46.2,33.0,남향,2026.05.27,신축/준신축; 풀옵션; 투룸 구조; 채광 양호; 기준역 도보권,신축/준신축; 풀옵션; 투룸 구조; 채광 양호,2553,670,서울대입구역,8,신축/준신축; 풀옵션; 투룸 구조; 채광 양호; 기준역 도보권,,O,O,O,O,X,O,42.1,4.21,4.21,4.21,4.21,D,1.09,10.0,0.0,442.3,0,0.0,431.3,0,5.46,580.1,1,0.0,418.8,0,0.0,408.4,0,44.4,봉천동 투룸 017,서울 관악구 봉천동,37.4820639,126.9451894,2050,85,8,8,2.0
서울대입구역,synthetic_market_model,SYN0018,,봉천동 빌라 018,서울 관악구 봉천동,37.4811843,126.9526664,빌라,1900,62,6,"월세 1,900/62",4/5층,55.6,37.5,북향,2026.05.27,신축/준신축; 옵션 언급; 엘리베이터; 역세권 도보권,신축/준신축; 옵션 언급; 엘리베이터; 역세권 도보권,2356,5,서울대입구역,8,신축/준신축; 옵션 언급; 엘리베이터; 역세권 도보권,,O,O,O,O,X,O,57.35,5.74,5.74,5.74,5.74,C,3.44,10.0,6.76,164.7,4,0.0,164.7,0,6.0,538.6,3,0.0,156.8,0,2.1,129.0,1,75.6,봉천동 빌라 018,서울 관악구 봉천동,37.4811843,126.9526664,1900,62,6,8,2.0
서울대입구역,synthetic_market_model,SYN0019,,봉천동 빌라 019,서울 관악구 봉천동,37.4834567,126.9490149,빌라,700,69,9,월세 700/69,반지하/3층,39.1,26.7,남동향,2026.06.03,신축/준신축; 풀옵션; 엘리베이터; 주차 가능; 복층; 채광 양호; 역세권 도보권,신축/준신축; 풀옵션; 엘리베이터; 주차 가능,2634,410,서울대입구역,10,신축/준신축; 풀옵션; 엘리베이터; 주차 가능; 복층; 채광 양호; 역세권 도보권,,O,X,X,X,O,O,39.47,3.95,3.95,3.95,3.95,D,1.76,8.0,1.9,262.1,4,0.0,262.1,0,5.98,539.7,2,0.0,265.2,0,0.0,264.7,0,38.9,봉천동 빌라 019,서울 관악구 봉천동,37.4834567,126.9490149,700,69,9,10,2.0
서울대입구역,synthetic_market_model,SYN0020,,봉천동 빌라 020,서울 관악구 봉천동,37.4813756,126.9527125,빌라,1050,61,8,"월세 1,050/61",고층 10/12층,53.5,38.6,서향,2026.06.03,풀옵션; 즉시입주 가능; 역세권 도보권,풀옵션; 즉시입주 가능; 역세권 도보권,2378,17,서울대입구역,7,풀옵션; 즉시입주 가능; 역세권 도보권,,X,O,O,O,X,O,44.58,4.46,4.46,4.46,4.46,D,3.9,5.5,7.6,148.1,4,0.0,148.1,0,5.87,548.3,3,0.82,140.1,1,3.2,118.0,2,52.2,봉천동 빌라 020,서울 관악구 봉천동,37.4813756,126.9527125,1050,61,8,7,2.0
서울대입구역,synthetic_market_model,SYN0021,,봉천동 빌라 021,서울 관악구 봉천동,37.4788864,126.9514838,빌라,850,63,13,월세 850/63,반지하/5층,47.8,32.0,남서향,2026.06.09,신축/준신축; 옵션 언급; 주차 가능; 채광 양호; 역세권 도보권; 학교 접근성 양호,신축/준신축; 옵션 언급; 주차 가능; 채광 양호,2106,280,서울대입구역,9,신축/준신축; 옵션 언급; 주차 가능; 채광 양호; 역세권 도보권; 학교 접근성 양호,,O,X,X,O,X,O,36.14,3.61,3.61,3.61,3.61,D,1.25,8.0,0.0,404.4,0,0.0,404.4,0,6.26,518.5,2,0.0,397.4,0,0.0,347.6,0,24.4,봉천동 빌라 021,서울 관악구 봉천동,37.4788864,126.9514838,850,63,13,9,2.0
서울대입구역,synthetic_market_model,SYN0022,,봉천동 원룸 022,서울 관악구 봉천동,37.4794481,126.9531714,원룸,1050,50,8,"월세 1,050/50",1/3층,28.7,21.9,남향,2026.06.09,신축/준신축; 풀옵션; 엘리베이터; 채광 양호; 역세권 도보권; 학교 접근성 양호,신축/준신축; 풀옵션; 엘리베이터; 채광 양호,2163,200,서울대입구역,9,신축/준신축; 풀옵션; 엘리베이터; 채광 양호; 역세권 도보권; 학교 접근성 양호,,O,X,X,O,X,X,39.11,3.91,3.91,3.91,3.91,D,1.44,8.5,0.0,360.4,0,0.0,360.4,0,7.2,409.8,2,0.0,352.5,0,0.0,315.3,0,36.7,봉천동 원룸 022,서울 관악구 봉천동,37.4794481,126.9531714,1050,50,8,9,2.0
서울대입구역,synthetic_market_model,SYN0023,,봉천동 빌라 023,서울 관악구 봉천동,37.4811676,126.9525273,빌라,1700,50,8,"월세 1,700/50",2/4층,61.1,43.1,남향,2026.06.03,채광 양호; 역세권 도보권,채광 양호; 역세권 도보권,2355,17,서울대입구역,7,채광 양호; 역세권 도보권,,O,O,X,X,X,O,50.98,5.1,5.1,5.1,5.1,C,3.54,8.0,6.93,161.4,4,0.0,161.4,0,5.88,547.5,3,0.0,153.4,0,2.79,122.1,1,64.4,봉천동 빌라 023,서울 관악구 봉천동,37.4811676,126.9525273,1700,50,8,7,2.0
서울대입구역,synthetic_market_model,SYN0024,,봉천동 원룸 024,서울 관악구 봉천동,37.4806293,126.9547935,원룸,2400,53,6,"월세 2,400/53",반지하/4층,27.1,20.1,남동향,2026.05.18,풀옵션; 엘리베이터; 채광 양호; 역세권 도보권,풀옵션; 엘리베이터; 채광 양호; 역세권 도보권,2299,194,서울대입구역,8,풀옵션; 엘리베이터; 채광 양호; 역세권 도보권,,O,X,X,O,X,O,37.91,3.79,3.79,3.79,3.79,D,1.52,8.0,0.0,334.4,0,0.0,334.4,0,7.62,355.9,2,0.0,327.3,0,0.0,317.8,0,33.3,봉천동 원룸 024,서울 관악구 봉천동,37.4806293,126.9547935,2400,53,6,8,2.0
서울대입구역,synthetic_market_model,SYN0025,,봉천동 분리형원룸 025,서울 관악구 봉천동,37.4837045,126.9510056,분리형원룸,2200,65,13,"월세 2,200/65",반지하/4층,32.5,25.7,동향,2026.06.03,신축/준신축; 풀옵션; 엘리베이터; 분리형; 즉시입주 가능; 역세권 도보권,신축/준신축; 풀옵션; 엘리베이터; 분리형,2643,314,서울대입구역,10,신축/준신축; 풀옵션; 엘리베이터; 분리형; 즉시입주 가능; 역세권 도보권,,O,X,X,O,O,O,62.27,6.23,6.23,6.23,6.23,B,5.27,8.0,10.0,89.5,8,0.0,89.2,0,4.61,645.2,2,4.96,90.5,1,6.05,89.5,2,83.3,봉천동 분리형원룸 025,서울 관악구 봉천동,37.4837045,126.9510056,2200,65,13,10,2.0
서울대입구역,synthetic_market_model,SYN0026,,봉천동 분리형원룸 026,서울 관악구 봉천동,37.4768728,126.9534917,분리형원룸,2000,59,7,"월세 2,000/59",6/7층,30.7,24.3,남동향,2026.06.03,주차 가능; 분리형; 채광 양호; 역세권 도보권; 학교 접근성 양호,주차 가능; 분리형; 채광 양호; 역세권 도보권,1877,487,서울대입구역,8,주차 가능; 분리형; 채광 양호; 역세권 도보권; 학교 접근성 양호,,X,O,X,X,X,O,22.45,2.25,2.25,2.25,2.25,D,1.57,3.5,0.0,523.4,0,0.0,643.8,0,7.85,326.5,2,0.0,636.0,0,0.0,523.4,0,10.0,봉천동 분리형원룸 026,서울 관악구 봉천동,37.4768728,126.9534917,2000,59,7,8,2.0
서울대입구역,synthetic_market_model,SYN0027,,봉천동 원룸 027,서울 관악구 봉천동,37.4830816,126.9515768,원룸,2800,54,7,"월세 2,800/54",3/4층,22.7,16.2,동향,2026.05.27,신축/준신축; 풀옵션; 역세권 도보권,신축/준신축; 풀옵션; 역세권 도보권,2571,230,서울대입구역,8,신축/준신축; 풀옵션; 역세권 도보권,,O,O,O,O,X,O,80.61,8.06,8.06,8.06,8.06,A-,7.02,10.0,10.0,38.5,8,4.23,33.1,5,3.54,728.0,3,9.49,36.1,1,8.26,67.4,4,96.7,봉천동 원룸 027,서울 관악구 봉천동,37.4830816,126.9515768,2800,54,7,8,2.0
서울대입구역,synthetic_market_model,SYN0028,,봉천동 원룸 028,서울 관악구 봉천동,37.4799587,126.9523026,원룸,2800,61,11,"월세 2,800/61",3/7층,28.4,19.9,남향,2026.06.03,신축/준신축; 풀옵션; 채광 양호; 역세권 도보권,신축/준신축; 풀옵션; 채광 양호; 역세권 도보권,2221,144,서울대입구역,9,신축/준신축; 풀옵션; 채광 양호; 역세권 도보권,,O,O,X,X,X,O,37.71,3.77,3.77,3.77,3.77,D,1.49,8.0,0.66,286.9,1,0.0,286.9,0,6.49,501.1,2,0.0,279.2,0,0.0,235.5,0,32.2,봉천동 원룸 028,서울 관악구 봉천동,37.4799587,126.9523026,2800,61,11,9,2.0
서울대입구역,synthetic_market_model,SYN0029,,봉천동 빌라 029,서울 관악구 봉천동,37.4787879,126.953588,빌라,2200,54,5,"월세 2,200/54",반지하/3층,48.3,36.2,남향,2026.06.09,풀옵션; 주차 가능; 복층; 채광 양호; 역세권 도보권; 학교 접근성 양호,풀옵션; 주차 가능; 복층; 채광 양호,2090,280,서울대입구역,9,풀옵션; 주차 가능; 복층; 채광 양호; 역세권 도보권; 학교 접근성 양호,,X,X,X,X,X,X,9.89,0.99,0.99,0.99,0.99,D,1.52,0.0,0.0,442.0,0,0.0,442.0,0,7.61,357.3,2,0.0,434.0,0,0.0,397.4,0,1.1,봉천동 빌라 029,서울 관악구 봉천동,37.4787879,126.953588,2200,54,5,9,2.0
서울대입구역,synthetic_market_model,SYN0030,,봉천동 투룸 030,서울 관악구 봉천동,37.4813646,126.9524287,투룸,1500,66,11,"월세 1,500/66",반지하/5층,46.4,31.3,남향,2026.06.09,신축/준신축; 엘리베이터; 주차 가능; 투룸 구조; 채광 양호; 즉시입주 가능; 역세권 도보권,신축/준신축; 엘리베이터; 주차 가능; 투룸 구조,2377,29,서울대입구역,9,신축/준신축; 엘리베이터; 주차 가능; 투룸 구조; 채광 양호; 즉시입주 가능; 역세권 도보권,,X,X,X,O,O,O,40.26,4.03,4.03,4.03,4.03,D,4.31,3.5,8.11,137.8,4,0.0,137.8,0,5.62,567.4,3,1.68,129.9,1,5.0,100.0,2,40.0,봉천동 투룸 030,서울 관악구 봉천동,37.4813646,126.9524287,1500,66,11,9,2.0
낙성대역,synthetic_market_model,SYN0031,,인헌동 원룸 031,서울 관악구 인헌동,37.477204,126.9633726,원룸,850,54,4,월세 850/54,반지하/3층,28.3,19.7,남서향,2026.06.03,신축/준신축; 옵션 언급; 채광 양호; 역세권 도보권; 학교 접근성 양호,신축/준신축; 옵션 언급; 채광 양호; 역세권 도보권,2114,41,낙성대역,9,신축/준신축; 옵션 언급; 채광 양호; 역세권 도보권; 학교 접근성 양호,,X,X,X,O,X,X,50.78,5.08,5.08,5.08,5.08,C,6.73,2.0,10.0,23.2,9,0.0,76.1,0,6.18,524.8,1,10.0,25.3,2,10.0,23.2,5,63.3,인헌동 원룸 031,서울 관악구 인헌동,37.477204,126.9633726,850,54,4,9,2.0
낙성대역,synthetic_market_model,SYN0032,,인헌동 빌라 032,서울 관악구 인헌동,37.4819227,126.9581065,빌라,1300,42,7,"월세 1,300/42",1/4층,46.0,33.7,남서향,2026.05.18,주차 가능; 채광 양호; 기준역 도보권,주차 가능; 채광 양호; 기준역 도보권,2477,742,낙성대역,6,주차 가능; 채광 양호; 기준역 도보권,,O,X,X,O,O,X,39.19,3.92,3.92,3.92,3.92,D,1.45,8.5,0.0,545.7,0,0.0,537.7,0,7.26,402.4,1,0.0,525.2,0,0.0,537.7,0,37.8,인헌동 빌라 032,서울 관악구 인헌동,37.4819227,126.9581065,1300,42,7,6,2.0
낙성대역,synthetic_market_model,SYN0033,,인헌동 투룸 033,서울 관악구 인헌동,37.4803672,126.9621181,투룸,1200,53,7,"월세 1,200/53",1/4층,42.4,31.4,서향,2026.05.27,주차 가능; 투룸 구조; 즉시입주 가능; 역세권 도보권,주차 가능; 투룸 구조; 즉시입주 가능; 역세권 도보권,2398,406,낙성대역,7,주차 가능; 투룸 구조; 즉시입주 가능; 역세권 도보권,,O,X,O,O,X,X,43.86,4.39,4.39,4.39,4.39,D,1.36,10.0,0.0,329.7,0,0.0,329.7,0,6.82,459.0,1,0.0,336.7,0,0.0,249.5,0,50.0,인헌동 투룸 033,서울 관악구 인헌동,37.4803672,126.9621181,1200,53,7,7,2.0
낙성대역,synthetic_market_model,SYN0034,,인헌동 원룸 034,서울 관악구 인헌동,37.4718907,126.9680623,원룸,850,39,6,월세 850/39,5/7층,21.2,16.9,남동향,2026.06.09,풀옵션; 주차 가능; 채광 양호; 즉시입주 가능; 기준역 도보권; 학교 접근성 양호,풀옵션; 주차 가능; 채광 양호; 즉시입주 가능,1864,680,낙성대역,7,풀옵션; 주차 가능; 채광 양호; 즉시입주 가능; 기준역 도보권; 학교 접근성 양호,,X,O,O,X,X,O,13.6,1.36,1.36,1.36,1.36,D,0.21,3.5,0.0,647.1,0,0.0,647.1,0,1.04,920.1,1,0.0,649.1,0,0.0,647.1,0,2.2,인헌동 원룸 034,서울 관악구 인헌동,37.4718907,126.9680623,850,39,6,7,2.0
낙성대역,synthetic_market_model,SYN0035,,인헌동 투룸 035,서울 관악구 인헌동,37.4728713,126.9569775,투룸,1000,71,4,"월세 1,000/71",3/4층,58.7,43.4,남동향,2026.06.09,풀옵션; 투룸 구조; 채광 양호; 즉시입주 가능; 기준역 도보권; 학교 접근성 양호,풀옵션; 투룸 구조; 채광 양호; 즉시입주 가능,1470,744,낙성대역,8,풀옵션; 투룸 구조; 채광 양호; 즉시입주 가능; 기준역 도보권; 학교 접근성 양호,,O,O,X,O,X,O,43.7,4.37,4.37,4.37,4.37,D,1.34,10.0,0.0,388.7,0,0.0,816.4,0,6.69,475.5,2,0.0,764.7,0,0.0,388.7,0,48.9,인헌동 투룸 035,서울 관악구 인헌동,37.4728713,126.9569775,1000,71,4,8,2.0
낙성대역,synthetic_market_model,SYN0036,,인헌동 투룸 036,서울 관악구 인헌동,37.4795452,126.9637428,투룸,950,70,10,월세 950/70,반지하/3층,44.7,32.8,남향,2026.06.03,신축/준신축; 옵션 언급; 주차 가능; 투룸 구조; 채광 양호; 즉시입주 가능; 역세권 도보권,신축/준신축; 옵션 언급; 주차 가능; 투룸 구조,2365,290,낙성대역,10,신축/준신축; 옵션 언급; 주차 가능; 투룸 구조; 채광 양호; 즉시입주 가능; 역세권 도보권,,O,X,X,O,O,O,45.25,4.53,4.53,4.53,4.53,D,2.66,8.0,5.03,199.5,9,0.0,199.5,0,5.73,559.1,1,0.0,204.5,0,0.0,187.2,0,54.4,인헌동 투룸 036,서울 관악구 인헌동,37.4795452,126.9637428,950,70,10,10,2.0
낙성대역,synthetic_market_model,SYN0037,,인헌동 분리형원룸 037,서울 관악구 인헌동,37.4755695,126.961939,분리형원룸,1450,50,9,"월세 1,450/50",반지하/4층,28.0,21.0,남서향,2026.05.27,주차 가능; 분리형; 채광 양호; 역세권 도보권; 학교 접근성 양호,주차 가능; 분리형; 채광 양호; 역세권 도보권,1896,216,낙성대역,8,주차 가능; 분리형; 채광 양호; 역세권 도보권; 학교 접근성 양호,,O,X,O,O,X,O,43.32,4.33,4.33,4.33,4.33,D,2.36,8.0,3.48,230.5,3,0.0,297.6,0,6.57,490.8,2,0.0,241.0,0,0.0,230.5,0,47.8,인헌동 분리형원룸 037,서울 관악구 인헌동,37.4755695,126.961939,1450,50,9,8,2.0
낙성대역,synthetic_market_model,SYN0038,,인헌동 원룸 038,서울 관악구 인헌동,37.4788887,126.9625808,원룸,1050,50,8,"월세 1,050/50",3/7층,35.6,23.9,동향,2026.06.09,신축/준신축; 풀옵션; 엘리베이터; 주차 가능; 역세권 도보권,신축/준신축; 풀옵션; 엘리베이터; 주차 가능,2259,238,낙성대역,9,신축/준신축; 풀옵션; 엘리베이터; 주차 가능; 역세권 도보권,,O,O,X,O,O,O,61.03,6.1,6.1,6.1,6.1,B,4.0,10.0,6.46,170.7,6,0.0,170.7,0,6.93,444.3,1,0.0,178.4,0,6.78,82.2,1,78.9,인헌동 원룸 038,서울 관악구 인헌동,37.4788887,126.9625808,1050,50,8,9,2.0
낙성대역,synthetic_market_model,SYN0039,,인헌동 오피스텔 039,서울 관악구 인헌동,37.4775234,126.9642974,오피스텔,950,57,5,월세 950/57,4/5층,32.2,22.3,동향,2026.05.27,신축/준신축; 풀옵션; 엘리베이터; 주차 가능; 역세권 도보권; 학교 접근성 양호,신축/준신축; 풀옵션; 엘리베이터; 주차 가능,2182,84,낙성대역,9,신축/준신축; 풀옵션; 엘리베이터; 주차 가능; 역세권 도보권; 학교 접근성 양호,,O,O,X,O,O,O,92.28,9.23,9.23,9.23,9.23,A,8.81,10.0,10.0,16.9,9,9.07,13.7,4,5.22,598.1,1,10.0,6.9,3,10.0,16.9,7,98.9,인헌동 오피스텔 039,서울 관악구 인헌동,37.4775234,126.9642974,950,57,5,9,2.0
낙성대역,synthetic_market_model,SYN0040,,인헌동 빌라 040,서울 관악구 인헌동,37.4792574,126.9558322,빌라,1300,43,3,"월세 1,300/43",고층 4/8층,52.2,38.2,북향,2026.06.09,옵션 언급; 엘리베이터; 주차 가능; 복층; 기준역 도보권; 학교 접근성 양호,옵션 언급; 엘리베이터; 주차 가능; 복층,2154,740,낙성대역,8,옵션 언급; 엘리베이터; 주차 가능; 복층; 기준역 도보권; 학교 접근성 양호,,O,O,X,O,X,X,41.37,4.14,4.14,4.14,4.14,D,1.79,8.5,0.0,486.0,0,0.0,505.2,0,8.93,186.9,2,0.0,497.7,0,0.0,480.1,0,42.2,인헌동 빌라 040,서울 관악구 인헌동,37.4792574,126.9558322,1300,43,3,8,2.0
낙성대역,synthetic_market_model,SYN0041,,인헌동 원룸 041,서울 관악구 인헌동,37.4824945,126.9671762,원룸,2000,52,6,"월세 2,000/52",반지하/5층,27.6,19.0,남향,2026.06.09,신축/준신축; 풀옵션; 채광 양호; 기준역 도보권,신축/준신축; 풀옵션; 채광 양호; 기준역 도보권,2790,690,낙성대역,7,신축/준신축; 풀옵션; 채광 양호; 기준역 도보권,,O,X,O,O,X,O,28.61,2.86,2.86,2.86,2.86,D,0.09,8.0,0.0,519.0,0,0.0,519.0,0,0.47,964.1,1,0.0,514.9,0,0.0,567.9,0,17.8,인헌동 원룸 041,서울 관악구 인헌동,37.4824945,126.9671762,2000,52,6,7,2.0
낙성대역,synthetic_market_model,SYN0042,,인헌동 투룸 042,서울 관악구 인헌동,37.4771156,126.9639264,투룸,850,76,8,월세 850/76,1/5층,65.3,44.0,남향,2026.06.03,엘리베이터; 주차 가능; 투룸 구조; 채광 양호; 즉시입주 가능; 역세권 도보권; 학교 접근성 양호,엘리베이터; 주차 가능; 투룸 구조; 채광 양호,2127,29,낙성대역,9,엘리베이터; 주차 가능; 투룸 구조; 채광 양호; 즉시입주 가능; 역세권 도보권; 학교 접근성 양호,,O,X,O,X,X,O,70.94,7.09,7.09,7.09,7.09,B+,6.61,8.0,10.0,26.7,9,0.0,63.5,0,5.53,574.7,1,10.0,28.5,2,10.0,26.7,6,91.1,인헌동 투룸 042,서울 관악구 인헌동,37.4771156,126.9639264,850,76,8,9,2.0
낙성대역,synthetic_market_model,SYN0043,,인헌동 원룸 043,서울 관악구 인헌동,37.4791267,126.9645511,원룸,700,43,7,월세 700/43,반지하/3층,29.6,21.0,남동향,2026.06.09,풀옵션; 엘리베이터; 주차 가능; 채광 양호; 즉시입주 가능; 역세권 도보권,풀옵션; 엘리베이터; 주차 가능; 채광 양호,2352,255,낙성대역,9,풀옵션; 엘리베이터; 주차 가능; 채광 양호; 즉시입주 가능; 역세권 도보권,,O,X,O,O,X,O,47.73,4.77,4.77,4.77,4.77,D,3.04,8.0,6.83,163.5,9,0.0,163.5,0,4.94,620.2,1,0.0,165.6,0,0.0,167.5,0,61.1,인헌동 원룸 043,서울 관악구 인헌동,37.4791267,126.9645511,700,43,7,9,2.0
낙성대역,synthetic_market_model,SYN0044,,인헌동 투룸 044,서울 관악구 인헌동,37.4732662,126.9601762,투룸,1150,54,7,"월세 1,150/54",4/6층,54.2,42.3,북향,2026.06.09,풀옵션; 투룸 구조; 역세권 도보권; 학교 접근성 양호,풀옵션; 투룸 구조; 역세권 도보권; 학교 접근성 양호,1599,512,낙성대역,7,풀옵션; 투룸 구조; 역세권 도보권; 학교 접근성 양호,,O,O,X,O,X,O,41.84,4.18,4.18,4.18,4.18,D,1.05,10.0,0.1,298.0,1,0.0,596.9,0,5.11,607.1,2,0.0,539.5,0,0.0,298.0,0,43.3,인헌동 투룸 044,서울 관악구 인헌동,37.4732662,126.9601762,1150,54,7,7,2.0
낙성대역,synthetic_market_model,SYN0045,,인헌동 투룸 045,서울 관악구 인헌동,37.4774194,126.9590718,투룸,950,69,8,월세 950/69,고층 7/10층,58.6,39.2,서향,2026.05.18,신축/준신축; 엘리베이터; 주차 가능; 투룸 구조; 역세권 도보권; 학교 접근성 양호,신축/준신축; 엘리베이터; 주차 가능; 투룸 구조,2006,411,낙성대역,9,신축/준신축; 엘리베이터; 주차 가능; 투룸 구조; 역세권 도보권; 학교 접근성 양호,,X,O,O,O,X,O,43.23,4.32,4.32,4.32,4.32,D,3.69,5.5,6.23,175.5,1,0.0,426.4,0,9.11,164.8,2,0.0,404.5,0,0.0,175.5,0,46.7,인헌동 투룸 045,서울 관악구 인헌동,37.4774194,126.9590718,950,69,8,9,2.0
낙성대역,synthetic_market_model,SYN0046,,인헌동 원룸 046,서울 관악구 인헌동,37.4752658,126.967796,원룸,700,43,6,월세 700/43,1/3층,25.4,20.2,남동향,2026.05.27,주차 가능; 채광 양호; 역세권 도보권; 학교 접근성 양호,주차 가능; 채광 양호; 역세권 도보권; 학교 접근성 양호,2132,406,낙성대역,7,주차 가능; 채광 양호; 역세권 도보권; 학교 접근성 양호,,O,X,O,O,X,O,36.83,3.68,3.68,3.68,3.68,D,0.28,10.0,0.0,317.1,0,0.0,317.1,0,1.41,891.8,2,0.0,319.3,0,0.0,317.1,0,31.1,인헌동 원룸 046,서울 관악구 인헌동,37.4752658,126.967796,700,43,6,7,2.0
낙성대역,synthetic_market_model,SYN0047,,인헌동 원룸 047,서울 관악구 인헌동,37.477024,126.9632028,원룸,1000,43,6,"월세 1,000/43",2/4층,32.0,21.5,남서향,2026.05.27,옵션 언급; 채광 양호; 역세권 도보권; 학교 접근성 양호,옵션 언급; 채광 양호; 역세권 도보권; 학교 접근성 양호,2090,44,낙성대역,7,옵션 언급; 채광 양호; 역세권 도보권; 학교 접근성 양호,,X,O,O,O,X,O,61.78,6.18,6.18,6.18,6.18,B,6.54,5.5,10.0,40.0,9,0.0,101.1,0,6.3,515.6,1,8.55,47.3,2,10.0,40.0,5,82.2,인헌동 원룸 047,서울 관악구 인헌동,37.477024,126.9632028,1000,43,6,7,2.0
낙성대역,synthetic_market_model,SYN0048,,인헌동 빌라 048,서울 관악구 인헌동,37.4787245,126.9649091,빌라,1300,48,10,"월세 1,300/48",고층 13/15층,39.3,29.6,남향,2026.06.03,신축/준신축; 풀옵션; 주차 가능; 채광 양호; 즉시입주 가능; 역세권 도보권,신축/준신축; 풀옵션; 주차 가능; 채광 양호,2325,226,낙성대역,9,신축/준신축; 풀옵션; 주차 가능; 채광 양호; 즉시입주 가능; 역세권 도보권,,O,O,X,X,X,O,52.01,5.2,5.2,5.2,5.2,C,3.69,8.0,8.22,135.6,9,0.0,135.6,0,4.59,646.9,1,1.11,136.7,2,1.44,135.6,3,65.6,인헌동 빌라 048,서울 관악구 인헌동,37.4787245,126.9649091,1300,48,10,9,2.0
낙성대역,synthetic_market_model,SYN0049,,인헌동 투룸 049,서울 관악구 인헌동,37.4775134,126.9633098,투룸,1450,61,7,"월세 1,450/61",1/3층,51.8,35.9,북향,2026.06.03,투룸 구조; 역세권 도보권; 학교 접근성 양호,투룸 구조; 역세권 도보권; 학교 접근성 양호,2143,73,낙성대역,7,투룸 구조; 역세권 도보권; 학교 접근성 양호,,O,X,X,O,X,O,78.07,7.81,7.81,7.81,7.81,B+,6.63,10.0,10.0,49.1,9,0.0,57.4,0,6.34,512.3,1,9.05,41.4,2,10.0,49.1,5,94.4,인헌동 투룸 049,서울 관악구 인헌동,37.4775134,126.9633098,1450,61,7,7,2.0
낙성대역,synthetic_market_model,SYN0050,,인헌동 원룸 050,서울 관악구 인헌동,37.476455,126.964595,원룸,850,54,6,월세 850/54,고층 6/8층,34.2,23.4,동향,2026.05.27,신축/준신축; 풀옵션; 엘리베이터; 주차 가능; 즉시입주 가능; 역세권 도보권; 학교 접근성 양호,신축/준신축; 풀옵션; 엘리베이터; 주차 가능,2089,95,낙성대역,10,신축/준신축; 풀옵션; 엘리베이터; 주차 가능; 즉시입주 가능; 역세권 도보권; 학교 접근성 양호,,O,O,O,O,O,O,67.14,6.71,6.71,6.71,6.71,B,4.95,10.0,9.87,102.6,9,0.0,102.6,0,4.53,651.8,1,4.03,101.7,2,4.74,102.6,6,87.8,인헌동 원룸 050,서울 관악구 인헌동,37.476455,126.964595,850,54,6,10,2.0
낙성대역,synthetic_market_model,SYN0051,,인헌동 원룸 051,서울 관악구 인헌동,37.4769904,126.9637253,원룸,1450,50,4,"월세 1,450/50",반지하/3층,25.4,18.4,남서향,2026.06.09,풀옵션; 주차 가능; 복층; 채광 양호; 역세권 도보권; 학교 접근성 양호,풀옵션; 주차 가능; 복층; 채광 양호,2106,7,낙성대역,8,풀옵션; 주차 가능; 복층; 채광 양호; 역세권 도보권; 학교 접근성 양호,,O,X,O,X,O,O,71.13,7.11,7.11,7.11,7.11,B+,6.64,8.0,10.0,19.9,9,0.0,83.7,0,5.71,560.9,1,9.96,30.5,2,10.0,19.9,6,92.2,인헌동 원룸 051,서울 관악구 인헌동,37.4769904,126.9637253,1450,50,4,8,2.0
낙성대역,synthetic_market_model,SYN0052,,인헌동 빌라 052,서울 관악구 인헌동,37.4791001,126.9647612,빌라,1700,47,4,"월세 1,700/47",고층 5/8층,53.8,38.3,북향,2026.05.27,옵션 언급; 엘리베이터; 복층; 역세권 도보권,옵션 언급; 엘리베이터; 복층; 역세권 도보권,2357,259,낙성대역,7,옵션 언급; 엘리베이터; 복층; 역세권 도보권,,X,O,O,O,X,X,38.2,3.82,3.82,3.82,3.82,D,2.92,5.5,6.58,168.4,9,0.0,168.4,0,4.7,638.1,1,0.0,169.6,0,0.0,169.2,0,34.4,인헌동 빌라 052,서울 관악구 인헌동,37.4791001,126.9647612,1700,47,4,7,2.0
낙성대역,synthetic_market_model,SYN0053,,인헌동 오피스텔 053,서울 관악구 인헌동,37.4824283,126.9663663,오피스텔,1650,54,7,"월세 1,650/54",3/4층,37.4,29.5,남향,2026.05.27,옵션 언급; 엘리베이터; 주차 가능; 채광 양호; 기준역 도보권,옵션 언급; 엘리베이터; 주차 가능; 채광 양호,2752,655,낙성대역,8,옵션 언급; 엘리베이터; 주차 가능; 채광 양호; 기준역 도보권,,O,O,X,O,O,O,36.72,3.67,3.67,3.67,3.67,D,0.26,10.0,0.0,504.1,0,0.0,504.1,0,1.32,898.3,1,0.0,500.1,0,0.0,547.7,0,28.9,인헌동 오피스텔 053,서울 관악구 인헌동,37.4824283,126.9663663,1650,54,7,8,2.0
낙성대역,synthetic_market_model,SYN0054,,인헌동 오피스텔 054,서울 관악구 인헌동,37.4753874,126.9657053,오피스텔,850,56,7,월세 850/56,4/5층,34.1,25.7,북향,2026.06.03,옵션 언급; 엘리베이터; 복층; 역세권 도보권; 학교 접근성 양호,옵션 언급; 엘리베이터; 복층; 역세권 도보권,2037,246,낙성대역,8,옵션 언급; 엘리베이터; 복층; 역세권 도보권; 학교 접근성 양호,,O,O,O,O,O,O,47.23,4.72,4.72,4.72,4.72,D,1.88,10.0,4.42,211.6,8,0.0,211.6,0,2.77,786.7,1,0.0,213.1,0,0.0,211.6,0,58.9,인헌동 오피스텔 054,서울 관악구 인헌동,37.4753874,126.9657053,850,56,7,8,2.0
낙성대역,synthetic_market_model,SYN0055,,인헌동 원룸 055,서울 관악구 인헌동,37.4759705,126.9587759,원룸,1050,59,8,"월세 1,050/59",4/5층,23.3,18.2,남서향,2026.06.03,신축/준신축; 풀옵션; 채광 양호; 역세권 도보권; 학교 접근성 양호,신축/준신축; 풀옵션; 채광 양호; 역세권 도보권,1844,446,낙성대역,9,신축/준신축; 풀옵션; 채광 양호; 역세권 도보권; 학교 접근성 양호,,O,O,X,O,O,O,71.65,7.17,7.17,7.17,7.17,B+,5.64,10.0,10.0,46.6,1,0.0,492.6,0,8.2,282.0,2,0.0,453.4,0,10.0,46.6,1,93.3,인헌동 원룸 055,서울 관악구 인헌동,37.4759705,126.9587759,1050,59,8,9,2.0
낙성대역,synthetic_market_model,SYN0056,,인헌동 분리형원룸 056,서울 관악구 인헌동,37.4772285,126.9618487,분리형원룸,1350,53,4,"월세 1,350/53",반지하/4층,30.0,23.9,남서향,2026.06.03,풀옵션; 주차 가능; 분리형; 복층; 채광 양호; 역세권 도보권; 학교 접근성 양호,풀옵션; 주차 가능; 분리형; 복층,2063,166,낙성대역,9,풀옵션; 주차 가능; 분리형; 복층; 채광 양호; 역세권 도보권; 학교 접근성 양호,,O,X,O,O,X,O,53.4,5.34,5.34,5.34,5.34,C,3.91,8.0,7.14,157.2,6,0.0,189.0,0,7.32,394.7,2,0.0,159.1,0,3.01,119.9,1,67.8,인헌동 분리형원룸 056,서울 관악구 인헌동,37.4772285,126.9618487,1350,53,4,9,2.0
낙성대역,synthetic_market_model,SYN0057,,인헌동 분리형원룸 057,서울 관악구 인헌동,37.4767569,126.9678613,분리형원룸,2000,59,4,"월세 2,000/59",고층 5/10층,29.9,20.1,동향,2026.05.18,신축/준신축; 주차 가능; 분리형; 역세권 도보권,신축/준신축; 주차 가능; 분리형; 역세권 도보권,2270,368,낙성대역,8,신축/준신축; 주차 가능; 분리형; 역세권 도보권,,O,O,O,X,O,O,46.53,4.65,4.65,4.65,4.65,D,1.77,10.0,5.16,196.8,6,0.0,196.8,0,1.13,913.1,2,0.0,198.8,0,0.0,215.7,0,57.8,인헌동 분리형원룸 057,서울 관악구 인헌동,37.4767569,126.9678613,2000,59,4,8,2.0
낙성대역,synthetic_market_model,SYN0058,,인헌동 분리형원룸 058,서울 관악구 인헌동,37.477287,126.965632,분리형원룸,2000,44,4,"월세 2,000/44",고층 8/8층,30.9,22.9,북향,2026.05.18,풀옵션; 주차 가능; 분리형; 역세권 도보권,풀옵션; 주차 가능; 분리형; 역세권 도보권,2214,175,낙성대역,8,풀옵션; 주차 가능; 분리형; 역세권 도보권,,O,O,X,O,X,O,86.8,8.68,8.68,8.68,8.68,A-,7.97,10.0,10.0,27.4,9,6.95,22.2,4,3.66,718.5,1,10.0,24.4,2,10.0,27.4,5,97.8,인헌동 분리형원룸 058,서울 관악구 인헌동,37.477287,126.965632,2000,44,4,8,2.0
낙성대역,synthetic_market_model,SYN0059,,인헌동 투룸 059,서울 관악구 인헌동,37.4766931,126.9621028,투룸,1300,52,8,"월세 1,300/52",고층 7/8층,53.2,39.9,남서향,2026.05.27,옵션 언급; 투룸 구조; 채광 양호; 즉시입주 가능; 역세권 도보권; 학교 접근성 양호,옵션 언급; 투룸 구조; 채광 양호; 즉시입주 가능,2017,142,낙성대역,8,옵션 언급; 투룸 구조; 채광 양호; 즉시입주 가능; 역세권 도보권; 학교 접근성 양호,,O,O,O,O,X,O,59.71,5.97,5.97,5.97,5.97,C,3.8,10.0,7.81,143.8,7,0.0,196.7,0,6.99,437.3,2,0.0,150.4,0,0.62,143.8,2,76.7,인헌동 투룸 059,서울 관악구 인헌동,37.4766931,126.9621028,1300,52,8,8,2.0
낙성대역,synthetic_market_model,SYN0060,,인헌동 분리형원룸 060,서울 관악구 인헌동,37.4761577,126.9639619,분리형원룸,600,46,10,월세 600/46,5/7층,31.2,21.9,남동향,2026.06.03,주차 가능; 분리형; 채광 양호; 즉시입주 가능; 역세권 도보권; 학교 접근성 양호,주차 가능; 분리형; 채광 양호; 즉시입주 가능,2033,89,낙성대역,9,주차 가능; 분리형; 채광 양호; 즉시입주 가능; 역세권 도보권; 학교 접근성 양호,,O,O,X,O,X,O,63.99,6.4,6.4,6.4,6.4,B,4.46,10.0,9.28,114.3,9,0.0,157.0,0,5.05,611.4,1,2.05,125.4,2,3.57,114.3,2,85.6,인헌동 분리형원룸 060,서울 관악구 인헌동,37.4761577,126.9639619,600,46,10,9,2.0
대학동(녹두거리),synthetic_market_model,SYN0061,,대학동 원룸 061,서울 관악구 대학동,37.4645958,126.9359427,원룸,700,40,8,월세 700/40,2/4층,31.7,22.9,남향,2026.05.18,풀옵션; 엘리베이터; 주차 가능; 채광 양호; 기준역 도보권; 학교 접근성 양호,풀옵션; 엘리베이터; 주차 가능; 채광 양호,1605,697,대학동(녹두거리),8,풀옵션; 엘리베이터; 주차 가능; 채광 양호; 기준역 도보권; 학교 접근성 양호,,X,O,O,O,X,O,19.25,1.93,1.93,1.93,1.93,D,0.0,5.5,0.0,341.4,0,0.0,344.8,0,0.0,1031.8,0,0.0,345.7,0,0.0,272.9,0,4.4,대학동 원룸 061,서울 관악구 대학동,37.4645958,126.9359427,700,40,8,8,2.0
대학동(녹두거리),synthetic_market_model,SYN0062,,대학동 분리형원룸 062,서울 관악구 대학동,37.4723535,126.9421342,분리형원룸,500,35,4,월세 500/35,고층 11/12층,32.4,25.8,남향,2026.05.18,풀옵션; 분리형; 채광 양호; 역세권 도보권; 학교 접근성 양호,풀옵션; 분리형; 채광 양호; 역세권 도보권,1685,490,대학동(녹두거리),7,풀옵션; 분리형; 채광 양호; 역세권 도보권; 학교 접근성 양호,,O,O,X,X,X,X,29.02,2.9,2.9,2.9,2.9,D,0.96,6.5,0.0,308.8,0,0.0,308.8,0,4.82,629.1,2,0.0,573.3,0,0.0,308.8,0,18.9,대학동 분리형원룸 062,서울 관악구 대학동,37.4723535,126.9421342,500,35,4,7,2.0
대학동(녹두거리),synthetic_market_model,SYN0063,,대학동 원룸 063,서울 관악구 대학동,37.4716014,126.9397106,원룸,750,43,7,월세 750/43,고층 12/15층,30.1,22.0,남향,2026.05.18,풀옵션; 엘리베이터; 채광 양호; 역세권 도보권; 학교 접근성 양호,풀옵션; 엘리베이터; 채광 양호; 역세권 도보권,1754,260,대학동(녹두거리),8,풀옵션; 엘리베이터; 채광 양호; 역세권 도보권; 학교 접근성 양호,,O,O,X,X,X,O,60.31,6.03,6.03,6.03,6.03,B,4.97,8.0,10.0,88.2,2,0.0,88.2,0,6.76,465.9,1,0.0,373.6,0,6.18,88.2,2,77.8,대학동 원룸 063,서울 관악구 대학동,37.4716014,126.9397106,750,43,7,8,2.0
대학동(녹두거리),synthetic_market_model,SYN0064,,대학동 원룸 064,서울 관악구 대학동,37.4680284,126.9402367,원룸,500,42,6,월세 500/42,1/3층,28.4,19.7,남향,2026.06.09,옵션 언급; 채광 양호; 즉시입주 가능; 역세권 도보권; 학교 접근성 양호,옵션 언급; 채광 양호; 즉시입주 가능; 역세권 도보권,1450,426,대학동(녹두거리),8,옵션 언급; 채광 양호; 즉시입주 가능; 역세권 도보권; 학교 접근성 양호,,X,X,X,O,X,O,26.89,2.69,2.69,2.69,2.69,D,1.18,5.5,2.03,259.3,1,0.0,259.3,0,2.82,783.0,1,0.0,503.6,0,0.0,243.9,0,14.4,대학동 원룸 064,서울 관악구 대학동,37.4680284,126.9402367,500,42,6,8,2.0
대학동(녹두거리),synthetic_market_model,SYN0065,,대학동 빌라 065,서울 관악구 대학동,37.4753301,126.940374,빌라,300,53,7,월세 300/53,반지하/3층,58.7,39.4,서향,2026.06.03,주차 가능; 역세권 도보권; 학교 접근성 양호,주차 가능; 역세권 도보권; 학교 접근성 양호,2046,586,대학동(녹두거리),7,주차 가능; 역세권 도보권; 학교 접근성 양호,,O,X,O,O,X,O,36.65,3.67,3.67,3.67,3.67,D,1.33,8.0,0.0,424.7,0,0.0,424.7,0,6.66,479.8,1,0.0,425.7,0,0.0,449.3,0,27.8,대학동 빌라 065,서울 관악구 대학동,37.4753301,126.940374,300,53,7,7,2.0
대학동(녹두거리),synthetic_market_model,SYN0066,,대학동 빌라 066,서울 관악구 대학동,37.4678779,126.9389533,빌라,800,40,5,월세 800/40,1/3층,41.1,30.9,북향,2026.05.18,옵션 언급; 엘리베이터; 주차 가능; 역세권 도보권; 학교 접근성 양호,옵션 언급; 엘리베이터; 주차 가능; 역세권 도보권,1531,372,대학동(녹두거리),8,옵션 언급; 엘리베이터; 주차 가능; 역세권 도보권; 학교 접근성 양호,,X,X,O,O,O,O,26.57,2.66,2.66,2.66,2.66,D,1.13,5.5,1.35,273.0,1,0.0,273.0,0,3.37,740.6,1,0.0,395.1,0,0.46,145.4,1,13.3,대학동 빌라 066,서울 관악구 대학동,37.4678779,126.9389533,800,40,5,8,2.0
대학동(녹두거리),synthetic_market_model,SYN0067,,대학동 원룸 067,서울 관악구 대학동,37.4708572,126.9385013,원룸,350,50,7,월세 350/50,1/3층,25.8,17.6,서향,2026.06.09,신축/준신축; 풀옵션; 엘리베이터; 역세권 도보권; 학교 접근성 양호,신축/준신축; 풀옵션; 엘리베이터; 역세권 도보권,1771,138,대학동(녹두거리),9,신축/준신축; 풀옵션; 엘리베이터; 역세권 도보권; 학교 접근성 양호,,O,X,X,X,X,O,62.8,6.28,6.28,6.28,6.28,B,5.35,8.0,10.0,54.1,3,0.0,54.1,0,6.97,439.4,1,0.0,284.1,0,9.6,54.1,2,84.4,대학동 원룸 067,서울 관악구 대학동,37.4708572,126.9385013,350,50,7,9,2.0
대학동(녹두거리),synthetic_market_model,SYN0068,,대학동 오피스텔 068,서울 관악구 대학동,37.4697144,126.9391609,오피스텔,450,49,6,월세 450/49,3/4층,27.3,19.7,남서향,2026.06.09,풀옵션; 엘리베이터; 주차 가능; 복층; 채광 양호; 역세권 도보권; 학교 접근성 양호,풀옵션; 엘리베이터; 주차 가능; 복층,1643,232,대학동(녹두거리),9,풀옵션; 엘리베이터; 주차 가능; 복층; 채광 양호; 역세권 도보권; 학교 접근성 양호,,O,O,X,O,O,X,61.52,6.15,6.15,6.15,6.15,B,4.89,8.5,10.0,71.6,2,0.0,71.6,0,5.52,575.1,1,0.0,378.3,0,7.83,71.6,2,80.0,대학동 오피스텔 068,서울 관악구 대학동,37.4697144,126.9391609,450,49,6,9,2.0
대학동(녹두거리),synthetic_market_model,SYN0069,,대학동 원룸 069,서울 관악구 대학동,37.4666267,126.9367263,원룸,1000,56,2,"월세 1,000/56",4/5층,26.1,20.5,서향,2026.05.27,풀옵션; 주차 가능; 즉시입주 가능; 역세권 도보권; 학교 접근성 양호,풀옵션; 주차 가능; 즉시입주 가능; 역세권 도보권,1628,466,대학동(녹두거리),8,풀옵션; 주차 가능; 즉시입주 가능; 역세권 도보권; 학교 접근성 양호,,X,O,O,O,X,O,32.75,3.28,3.28,3.28,3.28,D,2.08,5.5,3.61,227.9,6,0.0,228.6,0,2.41,814.5,1,0.0,230.0,0,5.13,98.7,2,21.1,대학동 원룸 069,서울 관악구 대학동,37.4666267,126.9367263,1000,56,2,8,2.0
대학동(녹두거리),synthetic_market_model,SYN0070,,대학동 오피스텔 070,서울 관악구 대학동,37.4707793,126.9370843,오피스텔,1250,40,4,"월세 1,250/40",3/5층,24.6,18.2,남서향,2026.05.27,풀옵션; 엘리베이터; 채광 양호; 즉시입주 가능; 역세권 도보권; 학교 접근성 양호,풀옵션; 엘리베이터; 채광 양호; 즉시입주 가능,1859,14,대학동(녹두거리),9,풀옵션; 엘리베이터; 채광 양호; 즉시입주 가능; 역세권 도보권; 학교 접근성 양호,,O,O,O,O,X,O,61.73,6.17,6.17,6.17,6.17,B,4.11,10.0,6.06,178.8,10,0.0,174.1,0,7.45,378.3,1,0.0,167.0,0,8.04,69.6,2,81.1,대학동 오피스텔 070,서울 관악구 대학동,37.4707793,126.9370843,1250,40,4,9,2.0
대학동(녹두거리),synthetic_market_model,SYN0071,,대학동 원룸 071,서울 관악구 대학동,37.4682019,126.9443368,원룸,400,36,4,월세 400/36,1/3층,29.5,20.1,남서향,2026.05.18,주차 가능; 채광 양호; 기준역 도보권; 학교 접근성 양호,주차 가능; 채광 양호; 기준역 도보권; 학교 접근성 양호,1201,715,대학동(녹두거리),7,주차 가능; 채광 양호; 기준역 도보권; 학교 접근성 양호,,X,X,O,O,X,O,20.19,2.02,2.02,2.02,2.02,D,0.14,5.5,0.0,484.1,0,0.0,484.1,0,0.72,944.4,1,0.0,856.9,0,0.0,484.1,0,7.8,대학동 원룸 071,서울 관악구 대학동,37.4682019,126.9443368,400,36,4,7,2.0
대학동(녹두거리),synthetic_market_model,SYN0072,,대학동 원룸 072,서울 관악구 대학동,37.4729301,126.9392894,원룸,300,49,7,월세 300/49,반지하/5층,27.6,20.0,북향,2026.05.18,옵션 언급; 역세권 도보권; 학교 접근성 양호,옵션 언급; 역세권 도보권; 학교 접근성 양호,1890,313,대학동(녹두거리),7,옵션 언급; 역세권 도보권; 학교 접근성 양호,,O,X,X,O,X,O,45.77,4.58,4.58,4.58,4.58,D,2.73,8.0,4.11,217.9,2,0.0,217.9,0,7.51,370.0,1,0.0,315.9,0,0.0,217.9,0,56.7,대학동 원룸 072,서울 관악구 대학동,37.4729301,126.9392894,300,49,7,7,2.0
대학동(녹두거리),synthetic_market_model,SYN0073,,대학동 투룸 073,서울 관악구 대학동,37.4685477,126.9368944,투룸,1250,56,3,"월세 1,250/56",5/6층,58.4,45.2,남동향,2026.05.18,풀옵션; 투룸 구조; 채광 양호; 역세권 도보권; 학교 접근성 양호,풀옵션; 투룸 구조; 채광 양호; 역세권 도보권,1723,252,대학동(녹두거리),7,풀옵션; 투룸 구조; 채광 양호; 역세권 도보권; 학교 접근성 양호,,O,O,X,O,X,O,56.88,5.69,5.69,5.69,5.69,C,3.37,10.0,4.78,204.4,9,0.0,201.5,0,5.1,607.9,1,0.0,203.0,0,9.12,58.8,2,73.3,대학동 투룸 073,서울 관악구 대학동,37.4685477,126.9368944,1250,56,3,7,2.0
대학동(녹두거리),synthetic_market_model,SYN0074,,대학동 분리형원룸 074,서울 관악구 대학동,37.4747467,126.939405,분리형원룸,1300,53,5,"월세 1,300/53",3/4층,31.1,22.2,동향,2026.05.27,풀옵션; 엘리베이터; 주차 가능; 분리형; 역세권 도보권; 학교 접근성 양호,풀옵션; 엘리베이터; 주차 가능; 분리형,2042,488,대학동(녹두거리),9,풀옵션; 엘리베이터; 주차 가능; 분리형; 역세권 도보권; 학교 접근성 양호,,O,O,X,O,X,O,44.68,4.47,4.47,4.47,4.47,D,1.49,10.0,0.0,325.7,0,0.0,325.7,0,7.44,378.6,1,0.0,326.6,0,0.0,344.6,0,53.3,대학동 분리형원룸 074,서울 관악구 대학동,37.4747467,126.939405,1300,53,5,9,2.0
대학동(녹두거리),synthetic_market_model,SYN0075,,대학동 분리형원룸 075,서울 관악구 대학동,37.4709305,126.9368427,분리형원룸,850,55,3,월세 850/55,3/7층,33.8,23.8,동향,2026.05.18,풀옵션; 주차 가능; 분리형; 역세권 도보권; 학교 접근성 양호,풀옵션; 주차 가능; 분리형; 역세권 도보권,1886,14,대학동(녹두거리),8,풀옵션; 주차 가능; 분리형; 역세권 도보권; 학교 접근성 양호,,X,O,O,X,X,X,41.21,4.12,4.12,4.12,4.12,D,4.46,3.5,6.94,161.1,12,0.0,147.4,0,7.63,354.3,1,0.76,140.9,1,7.32,76.8,2,41.1,대학동 분리형원룸 075,서울 관악구 대학동,37.4709305,126.9368427,850,55,3,8,2.0
대학동(녹두거리),synthetic_market_model,SYN0076,,대학동 투룸 076,서울 관악구 대학동,37.4641997,126.934676,투룸,650,44,7,월세 650/44,반지하/3층,39.6,30.2,서향,2026.05.18,투룸 구조; 기준역 도보권; 학교 접근성 양호,투룸 구조; 기준역 도보권; 학교 접근성 양호,1698,762,대학동(녹두거리),6,투룸 구조; 기준역 도보권; 학교 접근성 양호,,O,X,X,O,X,O,28.0,2.8,2.8,2.8,2.8,D,0.0,8.0,0.0,355.6,0,0.0,359.7,0,0.0,1075.4,0,0.0,360.1,0,0.0,330.0,0,16.7,대학동 투룸 076,서울 관악구 대학동,37.4641997,126.934676,650,44,7,6,2.0
대학동(녹두거리),synthetic_market_model,SYN0077,,대학동 원룸 077,서울 관악구 대학동,37.4761154,126.9397708,원룸,1200,49,5,"월세 1,200/49",반지하/4층,33.5,23.8,남향,2026.06.09,풀옵션; 주차 가능; 복층; 채광 양호; 즉시입주 가능; 기준역 도보권; 학교 접근성 양호,풀옵션; 주차 가능; 복층; 채광 양호,2148,639,대학동(녹두거리),8,풀옵션; 주차 가능; 복층; 채광 양호; 즉시입주 가능; 기준역 도보권; 학교 접근성 양호,,O,X,X,O,X,O,36.75,3.68,3.68,3.68,3.68,D,1.35,8.0,0.0,412.0,0,0.0,412.0,0,6.73,470.3,1,0.0,413.2,0,0.0,412.0,0,30.0,대학동 원룸 077,서울 관악구 대학동,37.4761154,126.9397708,1200,49,5,8,2.0
대학동(녹두거리),synthetic_market_model,SYN0078,,대학동 원룸 078,서울 관악구 대학동,37.470946,126.9362597,원룸,600,35,4,월세 600/35,3/4층,26.7,21.0,남향,2026.05.27,채광 양호; 역세권 도보권; 학교 접근성 양호,채광 양호; 역세권 도보권; 학교 접근성 양호,1927,60,대학동(녹두거리),7,채광 양호; 역세권 도보권; 학교 접근성 양호,,X,O,X,X,O,O,57.25,5.73,5.73,5.73,5.73,C,5.85,5.5,8.81,123.8,14,0.0,100.9,0,7.78,335.7,1,4.69,93.7,3,9.45,55.5,5,74.4,대학동 원룸 078,서울 관악구 대학동,37.470946,126.9362597,600,35,4,7,2.0
대학동(녹두거리),synthetic_market_model,SYN0079,,대학동 원룸 079,서울 관악구 대학동,37.4722105,126.9293143,원룸,1000,49,3,"월세 1,000/49",반지하/3층,30.3,21.8,남향,2026.06.09,옵션 언급; 주차 가능; 채광 양호; 기준역 도보권,옵션 언급; 주차 가능; 채광 양호; 기준역 도보권,2506,689,대학동(녹두거리),6,옵션 언급; 주차 가능; 채광 양호; 기준역 도보권,,X,X,X,X,O,O,19.75,1.98,1.98,1.98,1.98,D,1.15,3.5,0.0,434.2,0,0.0,434.2,0,5.77,556.1,1,0.0,527.6,0,0.0,434.2,0,5.6,대학동 원룸 079,서울 관악구 대학동,37.4722105,126.9293143,1000,49,3,6,2.0
대학동(녹두거리),synthetic_market_model,SYN0080,,대학동 투룸 080,서울 관악구 대학동,37.4659275,126.933185,투룸,1200,47,7,"월세 1,200/47",1/4층,54.1,41.7,서향,2026.05.18,옵션 언급; 엘리베이터; 투룸 구조; 즉시입주 가능; 기준역 도보권; 학교 접근성 양호,옵션 언급; 엘리베이터; 투룸 구조; 즉시입주 가능,1884,636,대학동(녹두거리),8,옵션 언급; 엘리베이터; 투룸 구조; 즉시입주 가능; 기준역 도보권; 학교 접근성 양호,,O,X,O,O,X,O,47.3,4.73,4.73,4.73,4.73,D,1.89,10.0,5.45,191.0,5,0.0,192.7,0,1.29,900.9,1,0.0,194.6,0,0.0,190.1,0,60.0,대학동 투룸 080,서울 관악구 대학동,37.4659275,126.933185,1200,47,7,8,2.0
대학동(녹두거리),synthetic_market_model,SYN0081,,대학동 오피스텔 081,서울 관악구 대학동,37.4728572,126.9343148,오피스텔,750,35,6,월세 750/35,1/3층,27.1,19.4,북향,2026.06.09,엘리베이터; 역세권 도보권; 학교 접근성 양호,엘리베이터; 역세권 도보권; 학교 접근성 양호,2195,323,대학동(녹두거리),6,엘리베이터; 역세권 도보권; 학교 접근성 양호,,O,X,O,O,O,O,70.09,7.01,7.01,7.01,7.01,B+,5.4,10.0,9.27,114.6,12,0.0,114.6,0,9.3,139.4,1,2.67,117.9,1,3.54,114.6,4,90.0,대학동 오피스텔 081,서울 관악구 대학동,37.4728572,126.9343148,750,35,6,6,2.0
대학동(녹두거리),synthetic_market_model,SYN0082,,대학동 빌라 082,서울 관악구 대학동,37.4650791,126.9368566,빌라,800,38,4,월세 800/38,2/5층,59.7,43.3,남향,2026.05.27,옵션 언급; 주차 가능; 채광 양호; 즉시입주 가능; 기준역 도보권; 학교 접근성 양호,옵션 언급; 주차 가능; 채광 양호; 즉시입주 가능,1547,638,대학동(녹두거리),7,옵션 언급; 주차 가능; 채광 양호; 즉시입주 가능; 기준역 도보권; 학교 접근성 양호,,O,O,X,O,X,O,35.23,3.52,3.52,3.52,3.52,D,0.03,10.0,0.0,340.0,0,0.0,342.5,0,0.18,986.4,1,0.0,343.7,0,0.0,239.8,0,22.2,대학동 빌라 082,서울 관악구 대학동,37.4650791,126.9368566,800,38,4,7,2.0
대학동(녹두거리),synthetic_market_model,SYN0083,,대학동 오피스텔 083,서울 관악구 대학동,37.472815,126.9357916,오피스텔,1400,63,3,"월세 1,400/63",2/5층,34.9,24.1,남향,2026.05.27,엘리베이터; 주차 가능; 채광 양호; 역세권 도보권; 학교 접근성 양호,엘리베이터; 주차 가능; 채광 양호; 역세권 도보권,2094,243,대학동(녹두거리),8,엘리베이터; 주차 가능; 채광 양호; 역세권 도보권; 학교 접근성 양호,,O,O,X,O,O,O,99.24,9.92,9.92,9.92,9.92,A,9.88,10.0,10.0,8.9,12,10.0,8.9,3,9.42,125.1,1,10.0,11.8,2,10.0,34.7,5,100.0,대학동 오피스텔 083,서울 관악구 대학동,37.472815,126.9357916,1400,63,3,8,2.0
대학동(녹두거리),synthetic_market_model,SYN0084,,대학동 빌라 084,서울 관악구 대학동,37.4731934,126.9338854,빌라,1050,33,4,"월세 1,050/33",4/6층,48.8,35.2,동향,2026.06.03,풀옵션; 역세권 도보권,풀옵션; 역세권 도보권,2248,376,대학동(녹두거리),6,풀옵션; 역세권 도보권,,O,O,O,X,X,X,54.06,5.41,5.41,5.41,5.41,C,4.01,8.0,7.17,156.5,11,0.0,156.5,0,9.28,142.4,1,0.0,160.6,0,0.0,163.5,0,70.0,대학동 빌라 084,서울 관악구 대학동,37.4731934,126.9338854,1050,33,4,6,2.0
대학동(녹두거리),synthetic_market_model,SYN0085,,대학동 분리형원룸 085,서울 관악구 대학동,37.4654044,126.9362131,분리형원룸,500,32,6,월세 500/32,고층 11/15층,32.1,24.3,남향,2026.06.09,옵션 언급; 분리형; 복층; 채광 양호; 기준역 도보권; 학교 접근성 양호,옵션 언급; 분리형; 복층; 채광 양호,1614,605,대학동(녹두거리),7,옵션 언급; 분리형; 복층; 채광 양호; 기준역 도보권; 학교 접근성 양호,,O,O,X,X,O,O,38.28,3.83,3.83,3.83,3.83,D,0.5,10.0,1.19,276.1,3,0.0,278.9,0,0.73,943.9,1,0.0,279.9,0,0.0,187.1,0,35.6,대학동 분리형원룸 085,서울 관악구 대학동,37.4654044,126.9362131,500,32,6,7,2.0
대학동(녹두거리),synthetic_market_model,SYN0086,,대학동 분리형원룸 086,서울 관악구 대학동,37.4664757,126.9297856,분리형원룸,550,52,3,월세 550/52,3/4층,27.3,18.2,남동향,2026.05.27,분리형; 채광 양호; 기준역 도보권; 학교 접근성 양호,분리형; 채광 양호; 기준역 도보권; 학교 접근성 양호,2187,794,대학동(녹두거리),6,분리형; 채광 양호; 기준역 도보권; 학교 접근성 양호,,X,O,X,O,X,O,20.05,2.0,2.0,2.0,2.0,D,0.12,5.5,0.0,410.3,0,0.0,410.3,0,0.61,952.8,1,0.0,414.2,0,0.0,252.2,0,6.7,대학동 분리형원룸 086,서울 관악구 대학동,37.4664757,126.9297856,550,52,3,6,2.0
대학동(녹두거리),synthetic_market_model,SYN0087,,대학동 투룸 087,서울 관악구 대학동,37.4658838,126.9373126,투룸,1400,68,4,"월세 1,400/68",고층 7/8층,56.6,41.5,서향,2026.06.09,엘리베이터; 투룸 구조; 역세권 도보권; 학교 접근성 양호,엘리베이터; 투룸 구조; 역세권 도보권; 학교 접근성 양호,1546,550,대학동(녹두거리),8,엘리베이터; 투룸 구조; 역세권 도보권; 학교 접근성 양호,,O,O,X,O,X,O,36.6,3.66,3.66,3.66,3.66,D,0.25,10.0,0.0,311.9,0,0.0,313.4,0,1.23,905.1,1,0.0,314.7,0,0.0,189.6,0,26.7,대학동 투룸 087,서울 관악구 대학동,37.4658838,126.9373126,1400,68,4,8,2.0
대학동(녹두거리),synthetic_market_model,SYN0088,,대학동 원룸 088,서울 관악구 대학동,37.4703477,126.9328176,원룸,350,36,5,월세 350/36,1/3층,29.1,22.8,남향,2026.05.27,풀옵션; 주차 가능; 채광 양호; 역세권 도보권; 학교 접근성 양호,풀옵션; 주차 가능; 채광 양호; 역세권 도보권,2134,366,대학동(녹두거리),8,풀옵션; 주차 가능; 채광 양호; 역세권 도보권; 학교 접근성 양호,,X,X,X,O,X,X,43.04,4.3,4.3,4.3,4.3,D,4.47,4.0,7.95,141.1,7,0.0,141.1,0,6.92,446.2,1,0.0,185.2,0,6.99,80.1,2,45.6,대학동 원룸 088,서울 관악구 대학동,37.4703477,126.9328176,350,36,5,8,2.0
대학동(녹두거리),synthetic_market_model,SYN0089,,대학동 원룸 089,서울 관악구 대학동,37.4715011,126.9377226,원룸,350,44,6,월세 350/44,고층 6/10층,20.8,16.0,북향,2026.06.09,풀옵션; 엘리베이터; 역세권 도보권; 학교 접근성 양호,풀옵션; 엘리베이터; 역세권 도보권; 학교 접근성 양호,1870,103,대학동(녹두거리),7,풀옵션; 엘리베이터; 역세권 도보권; 학교 접근성 양호,,O,O,X,X,X,O,55.22,5.52,5.52,5.52,5.52,C,4.19,8.0,8.28,134.4,11,0.0,134.4,0,7.74,340.4,1,0.0,202.4,0,1.56,134.4,1,71.1,대학동 원룸 089,서울 관악구 대학동,37.4715011,126.9377226,350,44,6,7,2.0
대학동(녹두거리),synthetic_market_model,SYN0090,,대학동 원룸 090,서울 관악구 대학동,37.4710251,126.9343844,원룸,600,38,8,월세 600/38,1/4층,35.0,23.6,남향,2026.05.27,엘리베이터; 채광 양호; 역세권 도보권; 학교 접근성 양호,엘리베이터; 채광 양호; 역세권 도보권; 학교 접근성 양호,2063,225,대학동(녹두거리),8,엘리베이터; 채광 양호; 역세권 도보권; 학교 접근성 양호,,O,X,O,X,X,O,78.39,7.84,7.84,7.84,7.84,B+,7.75,8.0,10.0,32.8,12,4.31,32.8,1,7.87,324.6,1,7.34,61.9,3,10.0,32.8,5,95.6,대학동 원룸 090,서울 관악구 대학동,37.4710251,126.9343844,600,38,8,8,2.0
